classification,count,avg_prob,std_prob
SE,7,0.10780164258415624,0.22692677004579676
non-SE,18,0.4642999178737376,0.3556252836482557
