gene,5ss,3ss,PSI,index,prob
AT2G26550,1010,927,0.05925,277,0.6161706154672035
AT2G26550,1181,1097,0.0,277,0.028077439081781206
AT2G29530,625,552,0.0,308,1.8508472745867802e-05
AT4G17570,930,852,0.0,809,0.007935867665629762
AT4G23450,653,314,0.0,893,6.903863343536881e-07
AT2G29640,1016,869,0.382,310,0.0034463270780428538
AT2G30370,1134,957,3.3942499999999995,318,0.09896204993735613
