classification,count,avg_prob,std_prob
RI,34,0.515000314851927,0.3754056862606675
non-RI,186,0.7160382000719513,0.3060043467491433
